,Symbol,Cleaned Name
0,AABA,Altaba
1,AAL,American
2,AAME,Atlantic
3,AAOI,Applied
4,AAON,AAON
5,AAPL,Apple
6,AAWW,Atlas
7,AAXJ,iShares
8,AAXN,Axon
9,ABAC,Renmin
10,ABCB,Ameris
11,ABCD,Cambium
12,ABDC,Alcentra
13,ABEO,Abeona
14,ABEOW,Abeona
15,ABIL,Ability
16,ABIO,ARCA
17,ABMD,ABIOMED
18,ABTX,Allegiance
19,ABUS,Arbutus
20,ACAD,ACADIA
21,ACBI,Atlantic
22,ACER,Acer
23,ACET,Aceto
24,ACGL,Arch
25,ACGLO,Arch
26,ACGLP,Arch
27,ACHC,Acadia
28,ACHN,Achillion
29,ACHV,Achieve
30,ACIA,Acacia
31,ACLS,Axcelis
32,ACNB,ACNB
33,ACOR,Acorda
34,ACRS,Aclaris
35,ACRX,AcelRx
36,ACSF,American
37,ACST,Acasti
38,ACT,AdvisorShares
39,ACTG,Acacia
40,ACWI,iShares
41,ACWX,iShares
42,ACXM,Acxiom
43,ADAP,Adaptimmune
44,ADBE,Adobe
45,ADES,Advanced
46,ADI,Analog
47,ADIL,Adial
48,ADILW,Adial
49,ADMA,ADMA
50,ADMP,Adamis
51,ADMS,Adamas
52,ADOM,ADOMANI
53,ADP,Automatic
54,ADRA,Invesco
55,ADRD,Invesco
56,ADRE,Invesco
57,ADRO,Aduro
58,ADRU,Invesco
59,ADSK,Autodesk
60,ADTN,ADTRAN
61,ADUS,Addus
62,ADVM,Adverum
63,ADXS,Advaxis
64,ADXSW,Advaxis
65,AEGN,Aegion
66,AEHR,Aehr
67,AEIS,Advanced
68,AEMD,Aethlon
69,AERI,Aerie
70,AETI,American
71,AEY,ADDvantage
72,AEZS,Aeterna
73,AFH,Atlas
74,AFHBL,Atlas
75,AFIN,American
76,AFMD,Affimed
77,AFSI,AmTrust
78,AGEN,Agenus
79,AGFS,AgroFresh
80,AGFSW,AgroFresh
81,AGIO,Agios
82,AGLE,Aeglea
83,AGNC,AGNC
84,AGNCB,AGNC
85,AGNCN,AGNC
86,AGND,WisdomTree
87,AGRX,Agile
88,AGTC,Applied
89,AGYS,Agilysys
90,AGZD,WisdomTree
91,AHPA,Avista
92,AHPAU,Avista
93,AHPAW,Avista
94,AHPI,Allied
95,AIA,iShares
96,AIHS,Senmiao
97,AIMC,Altra
98,AIMT,Aimmune
99,AINV,Apollo
100,AIPT,Precision
101,AIQ,Global
102,AIRG,Airgain
103,AKAM,Akamai
104,AKAO,Achaogen
105,AKBA,Akebia
106,AKCA,Akcea
107,AKER,Akers
108,AKRX,Akorn
109,AKTS,Akoustis
110,AKTX,Akari
111,ALBO,Albireo
112,ALCO,Alico
113,ALDR,Alder
114,ALDX,Aldeyra
115,ALGN,Align
116,ALGR,Allegro
117,ALGRR,Allegro
118,ALGRU,Allegro
119,ALGRW,Allegro
120,ALGT,Allegiant
121,ALIM,Alimera
122,ALKS,Alkermes
123,ALLK,Allakos
124,ALLT,Allot
125,ALNA,Allena
126,ALNY,Alnylam
127,ALOT,AstroNova
128,ALPN,Alpine
129,ALQA,Alliqua
130,ALRM,Alarm.com
131,ALRN,Aileron
132,ALSK,Alaska
133,ALT,Altimmune
134,ALTR,Altair
135,ALTY,Global
136,ALXN,Alexion
137,AMAG,AMAG
138,AMAL,Amalgamated
139,AMAT,Applied
140,AMBA,Ambarella
141,AMBC,Ambac
142,AMBCW,Ambac
143,AMCA,iShares
144,AMCN,AirMedia
145,AMD,Advanced
146,AMDA,Amedica
147,AMED,Amedisys
148,AMEH,Apollo
149,AMGN,Amgen
150,AMKR,Amkor
151,AMMA,Alliance
152,AMNB,American
153,AMOT,Allied
154,AMPH,Amphastar
155,AMR,Alta
156,AMRB,American
157,AMRH,Ameri
158,AMRHW,Ameri
159,AMRN,Amarin
160,AMRS,Amyris
161,AMRWW,Alta
162,AMSC,American
163,AMSF,AMERISAFE
164,AMSWA,American
165,AMTX,Aemetis
166,AMWD,American
167,AMZN,Amazon.com
168,ANAB,AnaptysBio
169,ANAT,American
170,ANCB,Anchor
171,ANCX,Access
172,ANGI,ANGI
173,ANGO,AngioDynamics
174,ANIK,Anika
175,ANSS,ANSYS
176,ANY,Sphere
177,AOBC,American
178,AOSL,Alpha
179,APDN,Applied
180,APDNW,Applied
181,APEI,American
182,APEN,Apollo
183,APLS,Apellis
184,APOG,Apogee
185,APOP,Cellect
186,APOPW,Cellect
187,APPF,AppFolio
188,APPN,Appian
189,APPS,Digital
190,APRI,Apricus
191,APTI,Apptio
192,APTO,Aptose
193,APTX,Aptinyx
194,APVO,Aptevo
195,APWC,Asia
196,AQB,AquaBounty
197,AQMS,Aqua
198,AQST,Aquestive
199,AQXP,Aquinox
200,ARAY,Accuray
201,ARCB,ArcBest
202,ARCC,Ares
203,ARCI,Appliance
204,ARCT,Arcturus
205,ARDM,Aradigm
206,ARDS,Aridis
207,ARDX,Ardelyx
208,AREX,Approach
209,ARGX,argenx
210,ARII,American
211,ARLP,Alliance
212,ARNA,Arena
213,AROW,Arrow
214,ARPO,Aerpio
215,ARQL,ArQule
216,ARRS,ARRIS
217,ARRY,Array
218,ARTNA,Artesian
219,ARTW,Art's
220,ARTX,Arotech
221,ARWR,Arrowhead
222,ASCMA,Ascent
223,ASET,FlexShares
224,ASFI,Asta
225,ASLN,ASLAN
226,ASMB,Assembly
227,ASML,ASML
228,ASNA,Ascena
229,ASND,Ascendis
230,ASNS,Arsanis
231,ASPS,Altisource
232,ASPU,Aspen
233,ASRT,Assertio
234,ASRV,AmeriServ
235,ASRVP,AmeriServ
236,ASTC,Astrotech
237,ASTE,Astec
238,ASUR,Asure
239,ASYS,Amtech
240,ATAC,Atlantic
241,ATACR,Atlantic
242,ATACU,Atlantic
243,ATAX,America
244,ATEC,Alphatec
245,ATHN,athenahealth
246,ATHX,Athersys
247,ATIS,Attis
248,ATISW,Attis
249,ATLC,Atlanticus
250,ATLO,Ames
251,ATNX,Athenex
252,ATOM,Atomera
253,ATOS,Atossa
254,ATRA,Atara
255,ATRC,AtriCure
256,ATRI,Atrion
257,ATRO,Astronics
258,ATRS,Antares
259,ATTU,Attunity
260,ATVI,Activision
261,ATXI,Avenue
262,AUBN,Auburn
263,AUDC,AudioCodes
264,AUPH,Aurinia
265,AUTL,Autolus
266,AUTO,AutoWeb
267,AVAV,AeroVironment
268,AVDL,Avadel
269,AVEO,AVEO
270,AVGO,Broadcom
271,AVGR,Avinger
272,AVID,Avid
273,AVNW,Aviat
274,AVRO,AVROBIO
275,AVT,Avnet
276,AVXL,Anavex
277,AWRE,Aware
278,AWSM,Cool
279,AXAS,Abraxas
280,AXDX,Accelerate
281,AXGN,AxoGen
282,AXON,Axovant
283,AXSM,Axsome
284,AY,Atlantica
285,AYTU,Aytu
286,AZPN,Aspen
287,AZRX,AzurRx
288,BABY,Natus
289,BAND,Bandwidth
290,BANF,BancFirst
291,BANFP,BancFirst
292,BANR,Banner
293,BANX,StoneCastle
294,BASI,Bioanalytical
295,BATRA,Liberty
296,BATRK,Liberty
297,BBGI,Beasley
298,BBH,VanEck
299,BBOX,Black
300,BBSI,Barrett
301,BCAC,Bison
302,BCACR,Bison
303,BCACU,Bison
304,BCACW,Bison
305,BCLI,Brainstorm
306,BCML,BayCom
307,BCNA,Reality
308,BCOR,Blucora
309,BCOV,Brightcove
310,BCPC,Balchem
311,BCRX,BioCryst
312,BCTF,Bancorp
313,BDGE,Bridge
314,BDSI,BioDelivery
315,BEAT,BioTelemetry
316,BECN,Beacon
317,BFIN,BankFinancial
318,BFIT,Global
319,BFRA,Biofrontera
320,BFST,Business
321,BGNE,BeiGene
322,BHAC,Barington/Hilco
323,BHACR,Barington/Hilco
324,BHACU,Barington/Hilco
325,BHACW,Barington/Hilco
326,BHBK,Blue
327,BHF,Brighthouse
328,BHTG,BioHiTech
329,BIB,ProShares
330,BIDU,Baidu
331,BIIB,Biogen
332,BILI,Bilibili
333,BIOC,Biocept
334,BIOL,Biolase
335,BIOS,BioScrip
336,BIS,ProShares
337,BJRI,BJ's
338,BKCC,BlackRock
339,BKEP,Blueknight
340,BKEPP,Blueknight
341,BKNG,Booking
342,BL,BlackLine
343,BLBD,Blue
344,BLCM,Bellicum
345,BLCN,Reality
346,BLDP,Ballard
347,BLDR,Builders
348,BLFS,BioLife
349,BLIN,Bridgeline
350,BLKB,Blackbaud
351,BLMN,Bloomin'
352,BLNK,Blink
353,BLNKW,Blink
354,BLPH,Bellerophon
355,BLRX,BioLineRx
356,BLUE,bluebird
357,BMRA,Biomerica
358,BMRN,BioMarin
359,BMTC,Bryn
360,BNCL,Beneficial
361,BND,Vanguard
362,BNDX,Vanguard
363,BNFT,Benefitfocus
364,BNGOU,Bionano
365,BNSO,Bonso
366,BNTC,Benitec
367,BNTCW,Benitec
368,BOFI,BofI
369,BOFIL,BofI
370,BOJA,Bojangles'
371,BOLD,Audentes
372,BOMN,Boston
373,BOSC,B.O.S.
374,BOTZ,Global
375,BOXL,Boxlight
376,BPFH,Boston
377,BPFHW,Boston
378,BPMC,Blueprint
379,BPOP,Popular
380,BPOPM,Popular
381,BPOPN,Popular
382,BPY,Brookfield
383,BRAC,Black
384,BRACR,Black
385,BRACU,Black
386,BRACW,Black
387,BREW,Craft
388,BRID,Bridgford
389,BRKL,Brookline
390,BRKR,Bruker
391,BRKS,Brooks
392,BRQS,Borqs
393,BRY,Berry
394,BSET,Bassett
395,BSPM,Biostar
396,BSQR,BSQUARE
397,BSRR,Sierra
398,BSTC,BioSpecifics
399,BTAI,BioXcel
400,BTEC,Principal
401,BURG,Chanticleer
402,BVNSC,Brandes
403,BVSN,BroadVision
404,BVXV,BiondVax
405,BVXVW,BiondVax
406,BWB,Bridgewater
407,BWEN,Broadwind
408,BWFG,Bankwell
409,BYFC,Broadway
410,BYSI,BeyondSpring
411,BZUN,Baozun
412,CAAS,China
413,CAC,Camden
414,CACC,Credit
415,CACG,ClearBridge
416,CADC,China
417,CALA,Calithera
418,CALL,magicJack
419,CAMP,CalAmp
420,CAMT,Camtek
421,CAPR,Capricor
422,CAR,Avis
423,CARA,Cara
424,CARB,Carbonite
425,CARG,CarGurus
426,CARO,Carolina
427,CART,Carolina
428,CARV,Carver
429,CASA,Casa
430,CASH,Meta
431,CASI,CASI
432,CASS,Cass
433,CASY,Caseys
434,CATB,Catabasis
435,CATC,Cambridge
436,CATH,Global
437,CATM,Cardtronics
438,CATS,Catasys
439,CATY,Cathay
440,CATYW,Cathay
441,CBAK,CBAK
442,CBAN,Colony
443,CBAY,CymaBay
444,CBIO,Catalyst
445,CBLI,Cleveland
446,CBLK,Carbon
447,CBMG,Cellular
448,CBOE,Cboe
449,CBPO,China
450,CBRL,Cracker
451,CBSH,Commerce
452,CBSHP,Commerce
453,CBTX,CBTX
454,CCB,Coastal
455,CCBG,Capital
456,CCCL,China
457,CCD,Calamos
458,CCIH,ChinaCache
459,CCMP,Cabot
460,CCNI,Command
461,CCOI,Cogent
462,CCRC,China
463,CCRN,Cross
464,CCXI,ChemoCentryx
465,CDC,VictoryShares
466,CDEV,Centennial
467,CDL,VictoryShares
468,CDLX,Cardlytics
469,CDMO,Avid
470,CDMOP,Avid
471,CDNA,CareDx
472,CDNS,Cadence
473,CDTI,CDTI
474,CDTX,Cidara
475,CDXC,ChromaDex
476,CDXS,Codexis
477,CDZI,Cadiz
478,CECE,CECO
479,CECO,Career
480,CELC,Celcuity
481,CELG,Celgene
482,CELGZ,Celgene
483,CELH,Celsius
484,CEMI,Chembio
485,CENT,Central
486,CENTA,Central
487,CENX,Century
488,CERC,Cerecor
489,CERCW,Cerecor
490,CERN,Cerner
491,CERS,Cerus
492,CETV,Central
493,CETX,Cemtrex
494,CETXP,Cemtrex
495,CETXW,Cemtrex
496,CEVA,CEVA
497,CEY,VictoryShares
498,CEZ,VictoryShares
499,CFA,VictoryShares
500,CFBI,Community
501,CFBK,Central
502,CFFN,Capitol
503,CFMS,Conformis
504,CFO,VictoryShares
505,CFRX,ContraFect
506,CGEN,Compugen
507,CGIX,Cancer
508,CGNX,Cognex
509,CGO,Calamos
510,CGVIC,Causeway
511,CHCI,Comstock
512,CHCO,City
513,CHDN,Churchill
514,CHEK,Check
515,CHEKW,Check
516,CHEKZ,Check
517,CHFC,Chemical
518,CHFN,Charter
519,CHI,Calamos
520,CHKE,Cherokee
521,CHKP,Check
522,CHMA,Chiasma
523,CHMG,Chemung
524,CHNA,Loncar
525,CHNR,China
526,CHRS,Coherus
527,CHRW,C.H.
528,CHTR,Charter
529,CHUY,Chuy's
530,CHW,Calamos
531,CHY,Calamos
532,CID,VictoryShares
533,CIDM,Cinedigm
534,CIFS,China
535,CIGI,Colliers
536,CIL,VictoryShares
537,CINF,Cincinnati
538,CIVB,Civista
539,CIVBP,Civista
540,CIVEC,Causeway
541,CIZ,VictoryShares
542,CIZN,Citizens
543,CJJD,China
544,CKPT,Checkpoint
545,CLAR,Clarus
546,CLBK,Columbia
547,CLBS,Caladrius
548,CLCT,Collectors
549,CLDC,China
550,CLDX,Celldex
551,CLFD,Clearfield
552,CLGN,CollPlant
553,CLIR,ClearSign
554,CLIRW,ClearSign
555,CLLS,Cellectis
556,CLMT,Calumet
557,CLNE,Clean
558,CLPS,CLPS
559,CLRB,Cellectar
560,CLRBW,Cellectar
561,CLRBZ,Cellectar
562,CLRO,ClearOne
563,CLSD,Clearside
564,CLSN,Celsion
565,CLUB,Town
566,CLVS,Clovis
567,CLWT,Euro
568,CLXT,Calyxt
569,CMCO,Columbus
570,CMCSA,Comcast
571,CMLS,Cumulus
572,CMPR,Cimpress
573,CMRX,Chimerix
574,CMTA,Clementia
575,CMTL,Comtech
576,CNAC,Constellation
577,CNACR,Constellation
578,CNACU,Constellation
579,CNACW,Constellation
580,CNAT,Conatus
581,CNBKA,Century
582,CNCE,Concert
583,CNCR,Loncar
584,CNET,ChinaNet
585,CNFR,Conifer
586,CNMD,CONMED
587,CNOB,ConnectOne
588,CNSL,Consolidated
589,CNST,Constellation
590,CNTF,China
591,CNTY,Century
592,COBZ,CoBiz
593,COCP,Cocrystal
594,CODA,Coda
595,COHR,Coherent
596,COHU,Cohu
597,COKE,Coca
598,COLB,Columbia
599,COLL,Collegium
600,COLM,Columbia
601,COMM,CommScope
602,COMT,iShares
603,CONE,CyrusOne
604,CONN,Conn's
605,COOL,PolarityTE
606,CORE,Core
607,CORI,Corium
608,CORT,Corcept
609,CORV,Correvio
610,COST,Costco
611,COUP,Coupa
612,COWN,Cowen
613,COWNL,Cowen
614,COWNZ,Cowen
615,CPAH,CounterPath
616,CPHC,Canterbury
617,CPIX,Cumberland
618,CPLP,Capital
619,CPRT,Copart
620,CPRX,Catalyst
621,CPSI,Computer
622,CPSS,Consumer
623,CPST,Capstone
624,CPTA,Capitala
625,CPTAG,Capitala
626,CPTAL,Capitala
627,CRAY,Cray
628,CRBP,Corbus
629,CREE,Cree
630,CREG,China
631,CRESY,Cresud
632,CRIS,Curis
633,CRMT,America's
634,CRNT,Ceragon
635,CRNX,Crinetics
636,CRON,Cronos
637,CROX,Crocs
638,CRSP,CRISPR
639,CRTO,Criteo
640,CRUS,Cirrus
641,CRUSC,Calvert
642,CRVL,CorVel
643,CRVS,Corvus
644,CRWS,Crown
645,CRZO,Carrizo
646,CSA,VictoryShares
647,CSB,VictoryShares
648,CSBR,Champions
649,CSCO,Cisco
650,CSF,VictoryShares
651,CSFL,CenterState
652,CSGP,CoStar
653,CSII,Cardiovascular
654,CSIQ,Canadian
655,CSOD,Cornerstone
656,CSQ,Calamos
657,CSSE,Chicken
658,CSSEP,Chicken
659,CSTE,Caesarstone
660,CSTR,CapStar
661,CSWC,Capital
662,CSWCL,Capital
663,CTAS,Cintas
664,CTBI,Community
665,CTG,Computer
666,CTHR,Charles
667,CTMX,CytomX
668,CTRE,CareTrust
669,CTRL,Control4
670,CTRN,Citi
671,CTRP,Ctrip.com
672,CTRV,ContraVir
673,CTSH,Cognizant
674,CTSO,Cytosorbents
675,CTWS,Connecticut
676,CTXR,Citius
677,CTXRW,Citius
678,CTXS,Citrix
679,CUR,Neuralstem
680,CUTR,Cutera
681,CVCO,Cavco
682,CVCY,Central
683,CVGI,Commercial
684,CVGW,Calavo
685,CVLT,Commvault
686,CVLY,Codorus
687,CVON,ConvergeOne
688,CVTI,Covenant
689,CWAY,Coastway
690,CWBC,Community
691,CWBR,CohBar
692,CWCO,Consolidated
693,CWST,Casella
694,CXDC,China
695,CXSE,WisdomTree
696,CY,Cypress
697,CYAD,Celyad
698,CYAN,Cyanotech
699,CYBE,CyberOptics
700,CYBR,CyberArk
701,CYCC,Cyclacel
702,CYCCP,Cyclacel
703,CYHHZ,Community
704,CYOU,Changyou.com
705,CYRN,CYREN
706,CYRX,CryoPort
707,CYRXW,CryoPort
708,CYTK,Cytokinetics
709,CYTR,CytRx
710,CYTX,Cytori
711,CYTXW,Cytori
712,CYTXZ,Cytori
713,CZFC,Citizens
714,CZNC,Citizens
715,CZR,Caesars
716,CZWI,Citizens
717,DAIO,Data
718,DAKT,Daktronics
719,DARE,Dare
720,DAVE,Famous
721,DAX,Horizons
722,DBX,Dropbox
723,DCAR,DropCar
724,DCIX,Diana
725,DCOM,Dime
726,DCPH,Deciphera
727,DDBI,Legg
728,DELT,Delta
729,DENN,Denny's
730,DERM,Dermira
731,DEST,Destination
732,DFBG,Differential
733,DFFN,Diffusion
734,DFNL,Davis
735,DFVL,Barclays
736,DFVS,Barclays
737,DGICA,Donegal
738,DGICB,Donegal
739,DGII,Digi
740,DGLD,Credit
741,DGLY,Digital
742,DGRE,WisdomTree
743,DGRS,WisdomTree
744,DGRW,WisdomTree
745,DHIL,Diamond
746,DINT,Davis
747,DIOD,Diodes
748,DISCA,Discovery
749,DISCB,Discovery
750,DISCK,Discovery
751,DISH,DISH
752,DJCO,Daily
753,DLBL,Barclays
754,DLBS,Barclays
755,DLPN,Dolphin
756,DLPNW,Dolphin
757,DLTH,Duluth
758,DLTR,Dollar
759,DMLP,Dorchester
760,DMPI,DelMar
761,DMRC,Digimarc
762,DNJR,Golden
763,DNKN,Dunkin'
764,DNLI,Denali
765,DOCU,DocuSign
766,DOGZ,Dogness
767,DOMO,Domo
768,DORM,Dorman
769,DOTA,Draper
770,DOTAR,Draper
771,DOTAU,Draper
772,DOTAW,Draper
773,DOVA,Dova
774,DOX,Amdocs
775,DRAD,Digirad
776,DRIO,DarioHealth
777,DRIOW,DarioHealth
778,DRIV,Global
779,DRNA,Dicerna
780,DRRX,DURECT
781,DRYS,DryShips
782,DSKE,Daseke
783,DSKEW,Daseke
784,DSLV,Credit
785,DSWL,Deswell
786,DTEA,DAVIDsTEA
787,DTRM,Determine
788,DTUL,Barclays
789,DTUS,Barclays
790,DTYL,Barclays
791,DTYS,Barclays
792,DUSA,Davis
793,DVAX,Dynavax
794,DVCR,Diversicare
795,DVY,iShares
796,DWAQ,Invesco
797,DWAS,Invesco
798,DWAT,Arrow
799,DWCH,Datawatch
800,DWCR,Arrow
801,DWFI,SPDR
802,DWIN,Invesco
803,DWLD,Davis
804,DWLV,Invesco
805,DWMC,AdvisorShares
806,DWSH,AdvisorShares
807,DWSN,Dawson
808,DWTR,Invesco
809,DXCM,DexCom
810,DXGE,WisdomTree
811,DXJS,WisdomTree
812,DXLG,Destination
813,DYNT,Dynatronics
814,DYSL,Dynasil
815,DZSI,DASAN
816,EA,Electronic
817,EACQ,Easterly
818,EACQU,Easterly
819,EACQW,Easterly
820,EAGL,Platinum
821,EAGLU,Platinum
822,EAGLW,Platinum
823,EARS,Auris
824,EAST,Eastside
825,EASTW,Eastside
826,EBAY,eBay
827,EBAYL,eBay
828,EBIX,Ebix
829,EBMT,Eagle
830,EBSB,Meridian
831,EBTC,Enterprise
832,ECHO,Echo
833,ECOR,electroCore
834,ECPG,Encore
835,ECYT,Endocyte
836,EDAP,EDAP
837,EDBI,Legg
838,EDGE,Edge
839,EDGW,Edgewater
840,EDIT,Editas
841,EDRY,EuroDry
842,EDUC,Educational
843,EEFT,Euronet
844,EEI,Ecology
845,EEMA,iShares
846,EFAS,Global
847,EFBI,Eagle
848,EFII,Electronics
849,EFOI,Energy
850,EFSC,Enterprise
851,EGAN,eGain
852,EGBN,Eagle
853,EGC,Energy
854,EGLE,Eagle
855,EGLT,Egalet
856,EGRX,Eagle
857,EHTH,eHealth
858,EIDX,Eidos
859,EIGI,Endurance
860,EIGR,Eiger
861,EKSO,Ekso
862,ELGX,Endologix
863,ELON,Echelon
864,ELOX,Eloxx
865,ELSE,Electro
866,ELTK,Eltek
867,EMB,iShares
868,EMCB,WisdomTree
869,EMCF,Emclaire
870,EMCG,WisdomTree
871,EMIF,iShares
872,EMITF,Elbit
873,EMKR,EMCORE
874,EML,Eastern
875,EMMS,Emmis
876,EMXC,iShares
877,ENDP,Endo
878,ENFC,Entegra
879,ENG,ENGlobal
880,ENPH,Enphase
881,ENT,Global
882,ENTA,Enanta
883,ENTG,Entegris
884,ENTX,Entera
885,ENTXW,Entera
886,ENZL,iShares
887,EOLS,Evolus
888,EPAY,Bottomline
889,EPIX,ESSA
890,EPZM,Epizyme
891,EQBK,Equity
892,EQIX,Equinix
893,EQRR,ProShares
894,ERI,Eldorado
895,ERIC,Ericsson
896,ERIE,Erie
897,ERII,Energy
898,ERYP,Erytech
899,ESBK,Elmira
900,ESCA,Escalade
901,ESEA,Euroseas
902,ESG,FlexShares
903,ESGD,iShares
904,ESGE,iShares
905,ESGG,FlexShares
906,ESGR,Enstar
907,ESGRP,Enstar
908,ESGU,iShares
909,ESIO,Electro
910,ESLT,Elbit
911,ESND,Essendant
912,ESPR,Esperion
913,ESQ,Esquire
914,ESRX,Express
915,ESSA,ESSA
916,ESTA,Establishment
917,ESTR,Estre
918,ESTRW,Estre
919,ESXB,Community
920,ETFC,E*TRADE
921,ETSY,Etsy
922,EUFN,iShares
923,EVBG,Everbridge
924,EVER,EverQuote
925,EVFM,Evofem
926,EVFTC,Eaton
927,EVGBC,Eaton
928,EVGN,Evogene
929,EVK,Ever
930,EVLMC,Eaton
931,EVLO,Evelo
932,EVLV,EVINE
933,EVOK,Evoke
934,EVOL,Evolving
935,EVSTC,Eaton
936,EWBC,East
937,EWZS,iShares
938,EXAS,Exact
939,EXEL,Exelixis
940,EXFO,EXFO
941,EXLS,ExlService
942,EXPD,Expeditors
943,EXPE,Expedia
944,EXPO,Exponent
945,EXTR,Extreme
946,EYE,National
947,EYEG,Eyegate
948,EYEGW,Eyegate
949,EYEN,Eyenovia
950,EYES,Second
951,EYESW,Second
952,EYPT,EyePoint
953,EZPW,EZCORP
954,FALN,iShares
955,FAMI,Farmmi
956,FANG,Diamondback
957,FANH,Fanhua
958,FARM,Farmer
959,FARO,FARO
960,FAST,Fastenal
961,FATE,Fate
962,FB,Facebook
963,FBIO,Fortress
964,FBIOP,Fortress
965,FBSS,Fauquier
966,FCEL,FuelCell
967,FCSC,Fibrocell
968,FDBC,Fidelity
969,FDUS,Fidus
970,FDUSL,Fidus
971,FEIM,Frequency
972,FELE,Franklin
973,FENC,Fennec
974,FEYE,FireEye
975,FFBW,FFBW
976,FFHL,Fuwei
977,FFIC,Flushing
978,FGEN,FibroGen
979,FINX,Global
980,FISI,Financial
981,FISV,Fiserv
982,FITB,Fifth
983,FITBI,Fifth
984,FIVE,Five
985,FIVN,Five9
986,FIXX,Homology
987,FIZZ,National
988,FLAT,Barclays
989,FLDM,Fluidigm
990,FLEX,Flex
991,FLGT,Fulgent
992,FLIR,FLIR
993,FLKS,Flex
994,FLL,Full
995,FLNT,Fluent
996,FLXN,Flexion
997,FLXS,Flexsteel
998,FMAO,Farmers
999,FMCIU,Forum
1000,FMNB,Farmers
1001,FNCB,FNCB
1002,FNHC,FedNat
1003,FNJN,Finjan
1004,FNKO,Funko
1005,FNSR,Finisar
1006,FOANC,Gabelli
1007,FOCS,Focus
1008,FOLD,Amicus
1009,FOMX,Foamix
1010,FONR,Fonar
1011,FORD,Forward
1012,FORK,Fuling
1013,FORM,FormFactor
1014,FORR,Forrester
1015,FORTY,Formula
1016,FOSL,Fossil
1017,FOX,Twenty
1018,FOXA,Twenty
1019,FPAY,FlexShopper
1020,FPRX,Five
1021,FRAN,Francesca's
1022,FRBK,Republic
1023,FRED,Fred's
1024,FRGI,Fiesta
1025,FRPT,Freshpet
1026,FRSH,Papa
1027,FRSX,Foresight
1028,FRTA,Forterra
1029,FSAC,Federal
1030,FSACU,Federal
1031,FSACW,Federal
1032,FSCT,ForeScout
1033,FSNN,Fusion
1034,FSTR,L.B.
1035,FSV,FirstService
1036,FTEK,Fuel
1037,FTEO,FRONTEO
1038,FTFT,Future
1039,FTNT,Fortinet
1040,FTR,Frontier
1041,FTSV,Forty
1042,FULT,Fulton
1043,FUND,Sprott
1044,FUV,Arcimoto
1045,FVE,Five
1046,FWONA,Liberty
1047,FWONK,Liberty
1048,FWP,Forward
1049,FWRD,Forward
1050,GABC,German
1051,GAIA,Gaia
1052,GAIN,Gladstone
1053,GAINM,Gladstone
1054,GAINN,Gladstone
1055,GAINO,Gladstone
1056,GALT,Galectin
1057,GARS,Garrison
1058,GASS,StealthGas
1059,GBCI,Glacier
1060,GBDC,Golub
1061,GBLI,Global
1062,GBLIL,Global
1063,GBLIZ,Global
1064,GBNK,Guaranty
1065,GBT,Global
1066,GCBC,Greene
1067,GCVRZ,Sanofi
1068,GDEN,Golden
1069,GEC,Great
1070,GECC,Great
1071,GECCL,Great
1072,GECCM,Great
1073,GEMP,Gemphire
1074,GENC,Gencor
1075,GENE,Genetic
1076,GENY,Principal
1077,GEOS,Geospace
1078,GERN,Geron
1079,GEVO,Gevo
1080,GFED,Guaranty
1081,GFN,General
1082,GFNCP,General
1083,GFNSL,General
1084,GGAL,Grupo
1085,GHDX,Genomic
1086,GIFI,Gulf
1087,GIGM,GigaMedia
1088,GILD,Gilead
1089,GILT,Gilat
1090,GLAC,Greenland
1091,GLACR,Greenland
1092,GLACU,Greenland
1093,GLACW,Greenland
1094,GLAD,Gladstone
1095,GLADN,Gladstone
1096,GLBS,Globus
1097,GLBZ,Glen
1098,GLDD,Great
1099,GLDI,Credit
1100,GLG,China
1101,GLMD,Galmed
1102,GLNG,Golar
1103,GLPG,Galapagos
1104,GLPI,Gaming
1105,GLRE,Greenlight
1106,GLYC,GlycoMimetics
1107,GMLP,Golar
1108,GMLPP,Golar
1109,GNBC,Green
1110,GNCA,Genocea
1111,GNMA,iShares
1112,GNMK,GenMark
1113,GNMX,Aevi
1114,GNPX,Genprex
1115,GNRX,VanEck
1116,GNTX,Gentex
1117,GNTY,Guaranty
1118,GNUS,Genius
1119,GOGL,Golden
1120,GOGO,Gogo
1121,GOLD,Randgold
1122,GOOD,Gladstone
1123,GOODM,Gladstone
1124,GOODO,Gladstone
1125,GOODP,Gladstone
1126,GOOG,Alphabet
1127,GOOGL,Alphabet
1128,GOV,Government
1129,GOVNI,Government
1130,GPAQ,Gordon
1131,GPAQU,Gordon
1132,GPAQW,Gordon
1133,GPIC,Gaming
1134,GPOR,Gulfport
1135,GPP,Green
1136,GPRE,Green
1137,GPRO,GoPro
1138,GRBIC,Gabelli
1139,GRBK,Green
1140,GRFS,Grifols
1141,GRIF,Griffin
1142,GRIN,Grindrod
1143,GRMN,Garmin
1144,GRNQ,Greenpro
1145,GROW,U.S.
1146,GRPN,Groupon
1147,GRVY,GRAVITY
1148,GSBC,Great
1149,GSHD,Goosehead
1150,GSHT,Gores
1151,GSHTU,Gores
1152,GSHTW,Gores
1153,GSKY,GreenSky
1154,GSM,Ferroglobe
1155,GSUM,Gridsum
1156,GTIM,Good
1157,GTLS,Chart
1158,GULF,WisdomTree
1159,GURE,Gulf
1160,GWRS,Global
1161,GYRO,Gyrodyne
1162,HA,Hawaiian
1163,HAFC,Hanmi
1164,HAIR,Restoration
1165,HALL,Hallmark
1166,HALO,Halozyme
1167,HAS,Hasbro
1168,HAYN,Haynes
1169,HBAN,Huntington
1170,HBANN,Huntington
1171,HBANO,Huntington
1172,HBCP,Home
1173,HBIO,Harvard
1174,HBK,Hamilton
1175,HBMD,Howard
1176,HBNC,Horizon
1177,HBP,Huttig
1178,HCAP,Harvest
1179,HCAPZ,Harvest
1180,HCCI,Heritage
1181,HCM,Hutchison
1182,HCSG,Healthcare
1183,HDP,Hortonworks
1184,HDSN,Hudson
1185,HEAR,Turtle
1186,HEBT,Hebron
1187,HELE,Helen
1188,HEWG,iShares
1189,HFBC,HopFed
1190,HFBL,Home
1191,HFGIC,Hartford
1192,HFWA,Heritage
1193,HGSH,China
1194,HIBB,Hibbett
1195,HIFS,Hingham
1196,HIHO,Highway
1197,HIIQ,Health
1198,HIMX,Himax
1199,HJLI,Hancock
1200,HJLIW,Hancock
1201,HLG,Hailiang
1202,HLIT,Harmonic
1203,HLNE,Hamilton
1204,HMHC,Houghton
1205,HMNY,Helios
1206,HMST,HomeStreet
1207,HMTA,HomeTown
1208,HMTV,Hemisphere
1209,HNDL,Strategy
1210,HNNA,Hennessy
1211,HNRG,Hallador
1212,HOFT,Hooker
1213,HOLI,Hollysys
1214,HOLX,Hologic
1215,HOMB,Home
1216,HONE,HarborOne
1217,HOPE,Hope
1218,HOVNP,Hovnanian
1219,HPJ,Highpower
1220,HPT,Hospitality
1221,HQCL,Hanwha
1222,HQY,HealthEquity
1223,HRTX,Heron
1224,HRZN,Horizon
1225,HSDT,Helius
1226,HSGX,Histogenics
1227,HSIC,Henry
1228,HSII,Heidrick
1229,HSKA,Heska
1230,HSON,Hudson
1231,HSTM,HealthStream
1232,HTBI,HomeTrust
1233,HTBK,Heritage
1234,HTBX,Heat
1235,HTHT,Huazhu
1236,HTLD,Heartland
1237,HTLF,Heartland
1238,HUNT,Hunter
1239,HUNTU,Hunter
1240,HUNTW,Hunter
1241,HURC,Hurco
1242,HURN,Huron
1243,HWBK,Hawthorn
1244,HWC,Hancock
1245,HWCC,Houston
1246,HWCPL,Hancock
1247,HWKN,Hawkins
1248,HX,Hexindai
1249,HYAC,Haymaker
1250,HYACU,Haymaker
1251,HYACW,Haymaker
1252,HYGS,Hydrogenics
1253,HYND,WisdomTree
1254,HYRE,HyreCar
1255,HYXE,iShares
1256,HYZD,WisdomTree
1257,HZNP,Horizon
1258,IAC,IAC/InterActiveCorp
1259,IART,Integra
1260,IBB,iShares
1261,IBCP,Independent
1262,IBKC,IBERIABANK
1263,IBKCO,IBERIABANK
1264,IBKCP,IBERIABANK
1265,IBKR,Interactive
1266,IBOC,International
1267,IBTX,Independent
1268,IBUY,Amplify
1269,ICAD,icad
1270,ICBK,County
1271,ICCC,ImmuCell
1272,ICHR,Ichor
1273,ICLK,iClick
1274,ICLN,iShares
1275,ICLR,ICON
1276,ICON,Iconix
1277,ICPT,Intercept
1278,IDCC,InterDigital
1279,IDLB,Invesco
1280,IDRA,Idera
1281,IDSA,Industrial
1282,IDSY,I.D.
1283,IDTI,Integrated
1284,IDXG,Interpace
1285,IDXX,IDEXX
1286,IEA,Infrastructure
1287,IEAWW,Infrastructure
1288,IEF,iShares
1289,IEI,iShares
1290,IEP,Icahn
1291,IEUS,iShares
1292,IFEU,iShares
1293,IFGL,iShares
1294,IFMK,iFresh
1295,IFRX,InflaRx
1296,IGF,iShares
1297,IGIB,iShares
1298,IGLD,Internet
1299,IGOV,iShares
1300,IGSB,iShares
1301,III,Information
1302,IIIN,Insteel
1303,IIJI,Internet
1304,IIN,IntriCon
1305,IJT,iShares
1306,IKNX,Ikonics
1307,ILMN,Illumina
1308,ILPT,Industrial
1309,IMDZ,Immune
1310,IMGN,ImmunoGen
1311,IMI,Intermolecular
1312,IMKTA,Ingles
1313,IMMP,Immutep
1314,IMMR,Immersion
1315,IMMU,Immunomedics
1316,IMMY,Imprimis
1317,IMOS,ChipMOS
1318,IMPV,Imperva
1319,IMRN,Immuron
1320,IMRNW,Immuron
1321,IMTE,Integrated
1322,IMXI,International
1323,IMXIW,International
1324,INAP,Internap
1325,INCY,Incyte
1326,INDB,Independent
1327,INDU,Industrea
1328,INDUU,Industrea
1329,INDUW,Industrea
1330,INDY,iShares
1331,INFI,Infinity
1332,INFN,Infinera
1333,INFR,Legg
1334,INGN,Inogen
1335,INNT,Innovate
1336,INO,Inovio
1337,INOD,Innodata
1338,INOV,Inovalon
1339,INPX,Inpixon
1340,INSE,Inspired
1341,INSG,Inseego
1342,INSM,Insmed
1343,INSY,Insys
1344,INTC,Intel
1345,INTL,INTL
1346,INTU,Intuit
1347,INTX,Intersections
1348,INVA,Innoviva
1349,INVE,Identiv
1350,INWK,InnerWorkings
1351,IONS,Ionis
1352,IOSP,Innospec
1353,IOTS,Adesto
1354,IOVA,Iovance
1355,IPAR,Inter
1356,IPAS,iPass
1357,IPCI,Intellipharmaceutics
1358,IPDN,Professional
1359,IPHS,Innophos
1360,IPIC,iPic
1361,IPKW,Invesco
1362,IPWR,Ideal
1363,IQ,iQIYI
1364,IRBT,iRobot
1365,IRCP,IRSA
1366,IRDM,Iridium
1367,IRDMB,Iridium
1368,IRIX,IRIDEX
1369,IRMD,iRadimed
1370,IRTC,iRhythm
1371,IRWD,Ironwood
1372,ISBC,Investors
1373,ISCA,International
1374,ISHG,iShares
1375,ISIG,Insignia
1376,ISNS,Image
1377,ISRG,Intuitive
1378,ISRL,Isramco
1379,ISSC,Innovative
1380,ISTB,iShares
1381,ISTR,Investar
1382,ITCI,Intra
1383,ITI,Iteris
1384,ITIC,Investors
1385,ITRI,Itron
1386,ITRM,Iterum
1387,ITRN,Ituran
1388,ITUS,ITUS
1389,IUSB,iShares
1390,IUSG,iShares
1391,IUSV,iShares
1392,IVAC,Intevac
1393,IVTY,Invuity
1394,IXUS,iShares
1395,IZEA,IZEA
1396,JACK,Jack
1397,JAGX,Jaguar
1398,JAKK,JAKKS
1399,JASN,Jason
1400,JASNW,Jason
1401,JAZZ,Jazz
1402,JBHT,J.B.
1403,JBLU,JetBlue
1404,JBSS,John
1405,JCS,Communications
1406,JCTCF,Jewett
1407,JD,JD.com
1408,JG,Aurora
1409,JKHY,Jack
1410,JKI,iShares
1411,JMBA,Jamba
1412,JNCE,Jounce
1413,JOBS,51job
1414,JOUT,Johnson
1415,JRJC,China
1416,JRSH,Jerash
1417,JRVR,James
1418,JSM,Navient
1419,JSMD,Janus
1420,JSML,Janus
1421,JSYN,Jensyn
1422,JSYNR,Jensyn
1423,JSYNU,Jensyn
1424,JSYNW,Jensyn
1425,JTPY,JetPay
1426,JVA,Coffee
1427,KAAC,Kayne
1428,KAACU,Kayne
1429,KAACW,Kayne
1430,KALA,Kala
1431,KALU,Kaiser
1432,KALV,KalVista
1433,KANG,iKang
1434,KBAL,Kimball
1435,KBWB,Invesco
1436,KBWD,Invesco
1437,KBWP,Invesco
1438,KBWR,Invesco
1439,KBWY,Invesco
1440,KCAP,KCAP
1441,KCAPL,KCAP
1442,KE,Kimball
1443,KELYA,Kelly
1444,KELYB,Kelly
1445,KEQU,Kewaunee
1446,KERX,Keryx
1447,KFFB,Kentucky
1448,KFRC,Kforce
1449,KGJI,Kingold
1450,KIDS,OrthoPediatrics
1451,KIN,Kindred
1452,KINS,Kingstone
1453,KIRK,Kirkland's
1454,KLIC,Kulicke
1455,KMDA,Kamada
1456,KMPH,KemPharm
1457,KNDI,Kandi
1458,KNSA,Kiniksa
1459,KNSL,Kinsale
1460,KONA,Kona
1461,KONE,Kingtone
1462,KOOL,Cesca
1463,KOPN,Kopin
1464,KOSS,Koss
1465,KPTI,Karyopharm
1466,KRMA,Global
1467,KRNT,Kornit
1468,KRNY,Kearny
1469,KRYS,Krystal
1470,KTOS,Kratos
1471,KTOV,Kitov
1472,KTOVW,Kitov
1473,KURA,Kura
1474,KZIA,Kazia
1475,KZR,Kezar
1476,LABL,Multi
1477,LACQ,Leisure
1478,LACQU,Leisure
1479,LACQW,Leisure
1480,LAKE,Lakeland
1481,LALT,Invesco
1482,LAMR,Lamar
1483,LANC,Lancaster
1484,LAND,Gladstone
1485,LANDP,Gladstone
1486,LARK,Landmark
1487,LASR,nLIGHT
1488,LAUR,Laureate
1489,LAWS,Lawson
1490,LAZY,Lazydays
1491,LBAI,Lakeland
1492,LBC,Luther
1493,LBRDA,Liberty
1494,LBRDK,Liberty
1495,LBTYA,Liberty
1496,LBTYB,Liberty
1497,LBTYK,Liberty
1498,LCA,Landcadia
1499,LCAHU,Landcadia
1500,LCAHW,Landcadia
1501,LCNB,LCNB
1502,LCUT,Lifetime
1503,LDRI,Invesco
1504,LE,Lands'
1505,LECO,Lincoln
1506,LEDS,SemiLEDS
1507,LENS,Presbia
1508,LEVL,Level
1509,LEXEA,Liberty
1510,LEXEB,Liberty
1511,LFUS,Littelfuse
1512,LFVN,Lifevantage
1513,LGCY,Legacy
1514,LGCYO,Legacy
1515,LGCYP,Legacy
1516,LGND,Ligand
1517,LIFE,aTyr
1518,LILA,Liberty
1519,LILAK,Liberty
1520,LINC,Lincoln
1521,LIND,Lindblad
1522,LINDW,Lindblad
1523,LINK,Interlink
1524,LION,Fidelity
1525,LITE,Lumentum
1526,LIVE,Live
1527,LIVN,LivaNova
1528,LIVX,LiveXLive
1529,LKFN,Lakeland
1530,LKOR,FlexShares
1531,LLIT,Lianluo
1532,LLNW,Limelight
1533,LMAT,LeMaitre
1534,LMB,Limbach
1535,LMNR,Limoneira
1536,LMNX,Luminex
1537,LMRK,Landmark
1538,LMRKN,Landmark
1539,LMRKO,Landmark
1540,LMRKP,Landmark
1541,LMST,Limestone
1542,LNDC,Landec
1543,LNGR,Global
1544,LNTH,Lantheus
1545,LOAN,Manhattan
1546,LOB,Live
1547,LOGI,Logitech
1548,LOGM,LogMeIn
1549,LONE,Lonestar
1550,LOOP,Loop
1551,LOPE,Grand
1552,LORL,Loral
1553,LOXO,Loxo
1554,LPCN,Lipocine
1555,LPNT,LifePoint
1556,LPSN,LivePerson
1557,LPTH,LightPath
1558,LPTX,Leap
1559,LQDA,Liquidia
1560,LQDT,Liquidity
1561,LRAD,LRAD
1562,LRGE,ClearBridge
1563,LSBK,Lake
1564,LSCC,Lattice
1565,LSTR,Landstar
1566,LSXMA,Liberty
1567,LSXMB,Liberty
1568,LSXMK,Liberty
1569,LTBR,Lightbridge
1570,LTRPA,Liberty
1571,LTRPB,Liberty
1572,LTRX,Lantronix
1573,LTXB,LegacyTexas
1574,LULU,lululemon
1575,LUNA,Luna
1576,LVHD,Legg
1577,LWAY,Lifeway
1578,LX,LexinFintech
1579,LXRX,Lexicon
1580,LYL,Dragon
1581,MACK,Merrimack
1582,MAGS,Magal
1583,MANH,Manhattan
1584,MANT,ManTech
1585,MAR,Marriott
1586,MARA,Marathon
1587,MARK,Remark
1588,MARPS,Marine
1589,MASI,Masimo
1590,MAT,Mattel
1591,MATW,Matthews
1592,MB,MINDBODY
1593,MBB,iShares
1594,MBCN,Middlefield
1595,MBII,Marrone
1596,MBIN,Merchants
1597,MBIO,Mustang
1598,MBNAA,Mercantil
1599,MBNAB,Mercantil
1600,MBOT,Microbot
1601,MBRX,Moleculin
1602,MBSD,FlexShares
1603,MBUU,Malibu
1604,MBWM,Mercantile
1605,MCBC,Macatawa
1606,MCFT,MCBC
1607,MCHI,iShares
1608,MCHP,Microchip
1609,MCHX,Marchex
1610,MCRB,Seres
1611,MCRI,Monarch
1612,MDB,MongoDB
1613,MDGL,Madrigal
1614,MDGS,Medigus
1615,MDGSW,Medigus
1616,MDLZ,Mondelez
1617,MDRX,Allscripts
1618,MDSO,Medidata
1619,MDWD,MediWound
1620,MDXG,MiMedx
1621,MEDP,Medpace
1622,MELI,MercadoLibre
1623,MELR,Melrose
1624,MEOH,Methanex
1625,MERC,Mercer
1626,MESA,Mesa
1627,MESO,Mesoblast
1628,METC,Ramaco
1629,MFIN,Medallion
1630,MFINL,Medallion
1631,MFNC,Mackinac
1632,MFSF,MutualFirst
1633,MGEN,Miragen
1634,MGI,Moneygram
1635,MGIC,Magic
1636,MGLN,Magellan
1637,MGNX,MacroGenics
1638,MGRC,McGrath
1639,MGTA,Magenta
1640,MGTX,MeiraGTx
1641,MGYR,Magyar
1642,MHLD,Maiden
1643,MICT,MICT
1644,MILN,Global
1645,MIME,Mimecast
1646,MIND,Mitcham
1647,MINDP,Mitcham
1648,MINI,Mobile
1649,MITK,Mitek
1650,MITL,Mitel
1651,MKGI,Monaker
1652,MKTX,MarketAxess
1653,MLAB,Mesa
1654,MLCO,Melco
1655,MLHR,Herman
1656,MLNT,Melinta
1657,MLNX,Mellanox
1658,MLVF,Malvern
1659,MMDM,Modern
1660,MMDMR,Modern
1661,MMDMU,Modern
1662,MMDMW,Modern
1663,MMLP,Martin
1664,MMSI,Merit
1665,MMYT,MakeMyTrip
1666,MNDO,MIND
1667,MNGA,MagneGas
1668,MNKD,MannKind
1669,MNLO,Menlo
1670,MNOV,MediciNova
1671,MNRO,Monro
1672,MNST,Monster
1673,MNTA,Momenta
1674,MNTX,Manitex
1675,MOBL,MobileIron
1676,MOFG,MidWestOne
1677,MOGLC,Gabelli
1678,MOGO,Mogo
1679,MOMO,Momo
1680,MOR,MorphoSys
1681,MORN,Morningstar
1682,MOSY,MoSys
1683,MOTS,Motus
1684,MOXC,Moxian
1685,MPAA,Motorcar
1686,MPAC,Matlin
1687,MPACU,Matlin
1688,MPACW,Matlin
1689,MPCT,iShares
1690,MPVD,Mountain
1691,MPWR,Monolithic
1692,MRAM,Everspin
1693,MRBK,Meridian
1694,MRCC,Monroe
1695,MRCY,Mercury
1696,MRIN,Marin
1697,MRLN,Marlin
1698,MRNS,Marinus
1699,MRSN,Mersana
1700,MRTN,Marten
1701,MRTX,Mirati
1702,MRUS,Merus
1703,MRVL,Marvell
1704,MSBI,Midland
1705,MSEX,Middlesex
1706,MSFT,Microsoft
1707,MSON,MISONIX
1708,MSTR,MicroStrategy
1709,MTBC,Medical
1710,MTBCP,Medical
1711,MTCH,Match
1712,MTEC,MTech
1713,MTECU,MTech
1714,MTECW,MTech
1715,MTEM,Molecular
1716,MTEX,Mannatech
1717,MTFB,Motif
1718,MTFBW,Motif
1719,MTGE,MTGE
1720,MTGEP,MTGE
1721,MTLS,Materialise
1722,MTP,Midatech
1723,MTRX,Matrix
1724,MTSI,MACOM
1725,MU,Micron
1726,MUDS,Mudrick
1727,MUDSU,Mudrick
1728,MUDSW,Mudrick
1729,MVIS,Microvision
1730,MXIM,Maxim
1731,MXWL,Maxwell
1732,MYGN,Myriad
1733,MYL,Mylan
1734,MYND,MYnd
1735,MYNDW,MYnd
1736,MYOK,MyoKardia
1737,MYOS,MYOS
1738,MZOR,Mazor
1739,NAII,Natural
1740,NAKD,Naked
1741,NANO,Nanometrics
1742,NAOV,NanoVibronix
1743,NATH,Nathan's
1744,NATI,National
1745,NATR,Nature's
1746,NAUH,National
1747,NAVI,Navient
1748,NBIX,Neurocrine
1749,NBN,Northeast
1750,NBRV,Nabriva
1751,NCBS,Nicolet
1752,NCMI,National
1753,NCNA,NuCana
1754,NCOM,National
1755,NCTY,The9
1756,NDAQ,Nasdaq
1757,NDLS,Noodles
1758,NDRA,ENDRA
1759,NDRAW,ENDRA
1760,NDSN,Nordson
1761,NEBU,Nebula
1762,NEBUU,Nebula
1763,NEBUW,Nebula
1764,NEO,NeoGenomics
1765,NEOG,Neogen
1766,NEON,Neonode
1767,NEOS,Neos
1768,NEPT,Neptune
1769,NERV,Minerva
1770,NESR,National
1771,NESRW,National
1772,NEWA,Newater
1773,NEWT,Newtek
1774,NEWTI,Newtek
1775,NEWTZ,Newtek
1776,NEXT,NextDecade
1777,NFBK,Northfield
1778,NFLX,Netflix
1779,NGHC,National
1780,NGHCN,National
1781,NGHCO,National
1782,NGHCP,National
1783,NGHCZ,National
1784,NH,NantHealth
1785,NHLD,National
1786,NHLDW,National
1787,NHTC,Natural
1788,NICE,NICE
1789,NICK,Nicholas
1790,NITE,Nightstar
1791,NK,NantKwest
1792,NKSH,National
1793,NKTR,Nektar
1794,NLNK,NewLink
1795,NLST,Netlist
1796,NMRD,Nemaura
1797,NMRK,Newmark
1798,NNDM,Nano
1799,NOVN,Novan
1800,NOVT,Novanta
1801,NRC,National
1802,NRIM,Northrim
1803,NSEC,National
1804,NSIT,Insight
1805,NSSC,NAPCO
1806,NSTG,NanoString
1807,NSYS,Nortech
1808,NTAP,NetApp
1809,NTCT,NetScout
1810,NTEC,Intec
1811,NTES,NetEase
1812,NTGN,Neon
1813,NTGR,NETGEAR
1814,NTIC,Northern
1815,NTLA,Intellia
1816,NTNX,Nutanix
1817,NTRA,Natera
1818,NTRI,NutriSystem
1819,NTRP,Neurotrope
1820,NTRS,Northern
1821,NTRSP,Northern
1822,NTWK,NETSOL
1823,NUAN,Nuance
1824,NURO,NeuroMetrix
1825,NUROW,NeuroMetrix
1826,NUVA,NuVasive
1827,NVAX,Novavax
1828,NVCN,Neovasc
1829,NVCR,NovoCure
1830,NVDA,NVIDIA
1831,NVFY,Nova
1832,NVIV,InVivo
1833,NVLN,Novelion
1834,NVMI,Nova
1835,NVMM,Novume
1836,NVTR,Nuvectra
1837,NVUS,Novus
1838,NWBI,Northwest
1839,NWFL,Norwood
1840,NWLI,National
1841,NWPX,Northwest
1842,NXEO,Nexeo
1843,NXEOU,Nexeo
1844,NXEOW,Nexeo
1845,NXST,Nexstar
1846,NXTM,NxStage
1847,NYMX,Nymox
1848,NYNY,Empire
1849,OASM,Oasmia
1850,OBAS,Optibase
1851,OBCI,Ocean
1852,OBLN,Obalon
1853,OBNK,Origin
1854,OBSV,ObsEva
1855,OCC,Optical
1856,OCFC,OceanFirst
1857,OCLR,Oclaro
1858,OCSI,Oaktree
1859,OCSL,Oaktree
1860,OCSLL,Oaktree
1861,OCUL,Ocular
1862,ODP,Office
1863,ODT,Odonate
1864,OESX,Orion
1865,OFED,Oconee
1866,OFIX,Orthofix
1867,OFLX,Omega
1868,OIIM,O2Micro
1869,OKDCC,Eaton
1870,OKTA,Okta
1871,OLED,Universal
1872,OLLI,Ollie's
1873,OMAB,Grupo
1874,OMCL,Omnicell
1875,OMED,OncoMed
1876,OMER,Omeros
1877,OMEX,Odyssey
1878,ONCE,Spark
1879,ONCS,OncoSec
1880,ONCY,Oncolytics
1881,ONEQ,Fidelity
1882,ONS,Oncobiologics
1883,ONSIW,Oncobiologics
1884,ONTX,Onconova
1885,ONTXW,Onconova
1886,ONVO,Organovo
1887,OPB,Opus
1888,OPES,Opes
1889,OPESU,Opes
1890,OPESW,Opes
1891,OPGN,OpGen
1892,OPGNW,OpGen
1893,OPHC,OptimumBank
1894,OPHT,Ophthotech
1895,OPK,Opko
1896,OPNT,Opiant
1897,OPRA,Opera
1898,OPRX,OptimizeRx
1899,OPTN,OptiNose
1900,OPTT,Ocean
1901,ORBC,ORBCOMM
1902,ORBK,Orbotech
1903,ORGS,Orgenesis
1904,ORIG,Ocean
1905,ORIT,Oritani
1906,ORLY,O'Reilly
1907,ORMP,Oramed
1908,ORPN,Bioblast
1909,ORRF,Orrstown
1910,OSIR,Osiris
1911,OSN,Ossen
1912,OSPN,OneSpan
1913,OSPR,Osprey
1914,OSPRU,Osprey
1915,OSPRW,Osprey
1916,OSTK,Overstock.com
1917,OSUR,OraSure
1918,OTEL,Otelco
1919,OTEX,Open
1920,OTIC,Otonomy
1921,OTTR,Otter
1922,OTTW,Ottawa
1923,OVAS,OvaScience
1924,OVBC,Ohio
1925,OVID,Ovid
1926,OXBR,Oxbridge
1927,OXBRW,Oxbridge
1928,OXFD,Oxford
1929,OXLC,Oxford
1930,OXLCM,Oxford
1931,OXLCO,Oxford
1932,OXSQ,Oxford
1933,OXSQL,Oxford
1934,PACB,Pacific
1935,PACQ,Pure
1936,PACQU,Pure
1937,PACQW,Pure
1938,PACW,PacWest
1939,PAGG,Invesco
1940,PAHC,Phibro
1941,PANL,Pangaea
1942,PATI,Patriot
1943,PATK,Patrick
1944,PAVM,PAVmed
1945,PAVMW,PAVmed
1946,PAVMZ,PAVmed
1947,PAYX,Paychex
1948,PBCT,People's
1949,PBCTP,People's
1950,PBHC,Pathfinder
1951,PBIP,Prudential
1952,PBPB,Potbelly
1953,PBSK,Poage
1954,PBYI,Puma
1955,PCAR,PACCAR
1956,PCB,Pacific
1957,PCH,PotlatchDeltic
1958,PCOM,Points
1959,PCRX,Pacira
1960,PCSB,PCSB
1961,PCTY,Paylocity
1962,PCYG,Park
1963,PCYO,Pure
1964,PDBC,Invesco
1965,PDCO,Patterson
1966,PDD,Pinduoduo
1967,PDP,Invesco
1968,PDVW,pdvWireless
1969,PEBK,Peoples
1970,PEBO,Peoples
1971,PEGA,Pegasystems
1972,PEGI,Pattern
1973,PEIX,Pacific
1974,PENN,Penn
1975,PEP,PepsiCo
1976,PERI,Perion
1977,PERY,Perry
1978,PESI,Perma
1979,PETQ,PetIQ
1980,PETS,PetMed
1981,PETX,Aratana
1982,PETZC,Gabelli
1983,PEY,Invesco
1984,PEZ,Invesco
1985,PFBC,Preferred
1986,PFBI,Premier
1987,PFF,iShares
1988,PFG,Principal
1989,PFI,Invesco
1990,PFIE,Profire
1991,PFIS,Peoples
1992,PFLT,PennantPark
1993,PFM,Invesco
1994,PFMT,Performant
1995,PFPT,Proofpoint
1996,PFSW,PFSweb
1997,PGC,Peapack
1998,PGJ,Invesco
1999,PGLC,Pershing
2000,PGNX,Progenics
2001,PHO,Invesco
2002,PI,Impinj
2003,PICO,PICO
2004,PID,Invesco
2005,PIE,Invesco
2006,PIH,1347
2007,PIHPP,1347
2008,PINC,Premier
2009,PIO,Invesco
2010,PIRS,Pieris
2011,PIXY,ShiftPixy
2012,PIZ,Invesco
2013,PKBK,Parke
2014,PKOH,Park
2015,PKW,Invesco
2016,PLAB,Photronics
2017,PLAY,Dave
2018,PLBC,Plumas
2019,PLCE,Children's
2020,PLLL,Piedmont
2021,PLPC,Preformed
2022,PLSE,Pulse
2023,PLUG,Plug
2024,PLUS,ePlus
2025,PLW,Invesco
2026,PLXS,Plexus
2027,PLYA,Playa
2028,PMBC,Pacific
2029,PMD,Psychemedics
2030,PME,Pingtan
2031,PMOM,Principal
2032,PMPT,iSectors
2033,PNBK,Patriot
2034,PNFP,Pinnacle
2035,PNK,Pinnacle
2036,PNNT,PennantPark
2037,PNQI,Invesco
2038,PNRG,PrimeEnergy
2039,PNTR,Pointer
2040,PODD,Insulet
2041,POLA,Polar
2042,POOL,Pool
2043,POPE,Pope
2044,POWI,Power
2045,POWL,Powell
2046,PPBI,Pacific
2047,PPC,Pilgrim's
2048,PPH,VanEck
2049,PPIH,Perma
2050,PPSI,Pioneer
2051,PRAN,Prana
2052,PRCP,Perceptron
2053,PRFT,Perficient
2054,PRFZ,Invesco
2055,PRGS,Progress
2056,PRGX,PRGX
2057,PRIM,Primoris
2058,PRMW,Primo
2059,PRN,Invesco
2060,PROV,Provident
2061,PRPH,ProPhase
2062,PRPL,Purple
2063,PRPLW,Purple
2064,PRPO,Precipio
2065,PRQR,ProQR
2066,PRSS,CafePress
2067,PRTA,Prothena
2068,PRTH,Priority
2069,PRTHU,Priority
2070,PRTHW,Priority
2071,PRTK,Paratek
2072,PRTO,Proteon
2073,PRTS,U.S.
2074,PRVB,Provention
2075,PS,Pluralsight
2076,PSAU,Invesco
2077,PSC,Principal
2078,PSCC,Invesco
2079,PSCD,Invesco
2080,PSCE,Invesco
2081,PSCF,Invesco
2082,PSCH,Invesco
2083,PSCI,Invesco
2084,PSCM,Invesco
2085,PSCT,Invesco
2086,PSCU,Invesco
2087,PSDO,Presidio
2088,PSEC,Prospect
2089,PSET,Principal
2090,PSL,Invesco
2091,PSMT,PriceSmart
2092,PSTI,Pluristem
2093,PTEN,Patterson
2094,PTF,Invesco
2095,PTGX,Protagonist
2096,PTH,Invesco
2097,PTI,Proteostasis
2098,PTIE,Pain
2099,PTLA,Portola
2100,PTNR,Partner
2101,PTSI,P.A.M.
2102,PTVCA,Protective
2103,PTVCB,Protective
2104,PTX,Pernix
2105,PUB,People's
2106,PUI,Invesco
2107,PULM,Pulmatrix
2108,PVAC,Penn
2109,PVAL,Principal
2110,PVBC,Provident
2111,PWOD,Penns
2112,PXI,Invesco
2113,PXLW,Pixelworks
2114,PXS,Pyxis
2115,PXUS,Principal
2116,PY,Principal
2117,PYDS,Payment
2118,PYPL,PayPal
2119,PYZ,Invesco
2120,PZZA,Papa
2121,QAT,iShares
2122,QBAK,Qualstar
2123,QCOM,QUALCOMM
2124,QDEL,Quidel
2125,QIWI,QIWI
2126,QLC,FlexShares
2127,QLYS,Qualys
2128,QNST,QuinStreet
2129,QQQ,Invesco
2130,QQQC,Global
2131,QQQX,Nuveen
2132,QRHC,Quest
2133,QRTEA,Qurate
2134,QRTEB,Qurate
2135,QRVO,Qorvo
2136,QSII,Quality
2137,QTNA,Quantenna
2138,QTNT,Quotient
2139,QTRH,Quarterhill
2140,QTRX,Quanterix
2141,QUIK,QuickLogic
2142,QUMU,Qumu
2143,QURE,uniQure
2144,QYLD,Horizons
2145,RADA,RADA
2146,RAIL,Freightcar
2147,RAND,Rand
2148,RARE,Ultragenyx
2149,RAVE,Rave
2150,RAVN,Raven
2151,RBBN,Ribbon
2152,RBCAA,Republic
2153,RBCN,Rubicon
2154,RBNC,Reliant
2155,RCII,Rent
2156,RCKT,Rocket
2157,RCKY,Rocky
2158,RCON,Recon
2159,RDCM,Radcom
2160,RDFN,Redfin
2161,RDHL,Redhill
2162,RDI,Reading
2163,RDIB,Reading
2164,RDNT,RadNet
2165,RDUS,Radius
2166,RDWR,Radware
2167,RECN,Resources
2168,REDU,RISE
2169,REFR,Research
2170,REGI,Renewable
2171,REGN,Regeneron
2172,REIS,Reis
2173,RELL,Richardson
2174,RELV,Reliv'
2175,REPH,Recro
2176,REPL,Replimune
2177,RESN,Resonant
2178,RETA,Reata
2179,RETO,ReTo
2180,RGEN,Repligen
2181,RGLD,Royal
2182,RGLS,Regulus
2183,RGNX,REGENXBIO
2184,RGSE,Real
2185,RIBT,RiceBran
2186,RIBTW,RiceBran
2187,RIGL,Rigel
2188,RING,iShares
2189,RIOT,Riot
2190,RIVE,Riverview
2191,RKDA,Arcadia
2192,RLM,Realm
2193,RMBL,RumbleOn
2194,RMBS,Rambus
2195,RMCF,Rocky
2196,RMNI,Rimini
2197,RMTI,Rockwell
2198,RNDB,Randolph
2199,RNET,RigNet
2200,RNST,Renasant
2201,RNWK,RealNetworks
2202,ROAD,Construction
2203,ROCK,Gibraltar
2204,ROIC,Retail
2205,ROKU,Roku
2206,ROSE,Rosehill
2207,ROSEU,Rosehill
2208,ROSEW,Rosehill
2209,ROST,Ross
2210,RP,RealPage
2211,RPD,Rapid7
2212,RPIBC,Managed
2213,RSLS,ReShape
2214,RSYS,RadiSys
2215,RTRX,Retrophin
2216,RTTR,Ritter
2217,RUBY,Rubius
2218,RUN,Sunrun
2219,RUSHA,Rush
2220,RUSHB,Rush
2221,RUTH,Ruth's
2222,RVEN,Reven
2223,RVLT,Revolution
2224,RVNC,Revance
2225,RVSB,Riverview
2226,RWLK,ReWalk
2227,RYAAY,Ryanair
2228,RYTM,Rhythm
2229,SABR,Sabre
2230,SAEX,SAExploration
2231,SAFM,Sanderson
2232,SAFT,Safety
2233,SAGE,Sage
2234,SAIA,Saia
2235,SAL,Salisbury
2236,SALM,Salem
2237,SAMG,Silvercrest
2238,SANM,Sanmina
2239,SASR,Sandy
2240,SATS,EchoStar
2241,SAUC,Diversified
2242,SBBP,Strongbridge
2243,SBCF,Seacoast
2244,SBGI,Sinclair
2245,SBLK,Star
2246,SBLKZ,Star
2247,SBNY,Signature
2248,SBNYW,Signature
2249,SBOT,Stellar
2250,SBPH,Spring
2251,SBRA,Sabra
2252,SBSI,Southside
2253,SBT,Sterling
2254,SBUX,Starbucks
2255,SCAC,Saban
2256,SCACU,Saban
2257,SCACW,Saban
2258,SCHL,Scholastic
2259,SCHN,Schnitzer
2260,SCKT,Socket
2261,SCON,Superconductor
2262,SCOR,comScore
2263,SCPH,scPharmaceuticals
2264,SCSC,ScanSource
2265,SCVL,Shoe
2266,SCWX,SecureWorks
2267,SCYX,SCYNEXIS
2268,SCZ,iShares
2269,SEAC,SeaChange
2270,SECO,Secoo
2271,SEDG,SolarEdge
2272,SEED,Origin
2273,SEII,Sharing
2274,SELB,Selecta
2275,SELF,Global
2276,SENEA,Seneca
2277,SENEB,Seneca
2278,SES,Synthesis
2279,SESN,Sesen
2280,SFBC,Sound
2281,SFBS,ServisFirst
2282,SFET,Safe
2283,SFIX,Stitch
2284,SFLY,Shutterfly
2285,SFM,Sprouts
2286,SFNC,Simmons
2287,SFST,Southern
2288,SGA,Saga
2289,SGC,Superior
2290,SGEN,Seattle
2291,SGH,SMART
2292,SGLB,Sigma
2293,SGLBW,Sigma
2294,SGMA,SigmaTron
2295,SGMO,Sangamo
2296,SGMS,Scientific
2297,SGOC,SGOCO
2298,SGRP,SPAR
2299,SGRY,Surgery
2300,SGYP,Synergy
2301,SHBI,Shore
2302,SHEN,Shenandoah
2303,SHIP,Seanergy
2304,SHIPW,Seanergy
2305,SHLD,Sears
2306,SHLDW,Sears
2307,SHLO,Shiloh
2308,SHOO,Steven
2309,SHOS,Sears
2310,SHPG,Shire
2311,SHSP,SharpSpring
2312,SHV,iShares
2313,SHY,iShares
2314,SIC,Select
2315,SIEB,Siebert
2316,SIEN,Sientra
2317,SIFY,Sify
2318,SIGA,SIGA
2319,SIGI,Selective
2320,SIGM,Sigma
2321,SILC,Silicom
2322,SIMO,Silicon
2323,SINA,Sina
2324,SINO,Sino
2325,SIR,Select
2326,SIRI,Sirius
2327,SITO,SITO
2328,SKIS,Peak
2329,SKOR,FlexShares
2330,SKYW,SkyWest
2331,SLAB,Silicon
2332,SLCT,Select
2333,SLDB,Solid
2334,SLGN,Silgan
2335,SLNO,Soleno
2336,SLNOW,Soleno
2337,SLP,Simulations
2338,SLQD,iShares
2339,SLRC,Solar
2340,SLS,SELLAS
2341,SLVO,Credit
2342,SMBC,Southern
2343,SMBK,SmartFinancial
2344,SMCI,Super
2345,SMCP,AlphaMark
2346,SMED,Sharps
2347,SMIT,Schmitt
2348,SMMF,Summit
2349,SMMT,Summit
2350,SMRT,Stein
2351,SMSI,Smith
2352,SMTC,Semtech
2353,SMTX,SMTC
2354,SNBR,Sleep
2355,SND,Smart
2356,SNDE,Sundance
2357,SNDX,Syndax
2358,SNES,SenesTech
2359,SNFCA,Security
2360,SNGX,Soligenix
2361,SNGXW,Soligenix
2362,SNH,Senior
2363,SNHNI,Senior
2364,SNHNL,Senior
2365,SNLN,Highland/iBoxx
2366,SNMX,Senomyx
2367,SNNA,Sienna
2368,SNOA,Sonoma
2369,SNOAW,Sonoma
2370,SNPS,Synopsys
2371,SNSR,Global
2372,SNSS,Sunesis
2373,SOCL,Global
2374,SODA,SodaStream
2375,SOFO,Sonic
2376,SOHO,Sotherly
2377,SOHOB,Sotherly
2378,SOHOK,Sotherly
2379,SOHOO,Sotherly
2380,SOHU,Sohu.com
2381,SOLO,Electrameccanica
2382,SOLOW,Electrameccanica
2383,SONA,Southern
2384,SONC,Sonic
2385,SONO,Sonos
2386,SORL,SORL
2387,SOXX,iShares
2388,SPAR,Spartan
2389,SPCB,SuperCom
2390,SPEX,Spherix
2391,SPHS,Sophiris
2392,SPKE,Spark
2393,SPKEP,Spark
2394,SPLK,Splunk
2395,SPNE,SeaSpine
2396,SPNS,Sapiens
2397,SPOK,Spok
2398,SPPI,Spectrum
2399,SPRO,Spero
2400,SPRT,Support.com
2401,SPTN,SpartanNash
2402,SPWH,Sportsman's
2403,SPWR,SunPower
2404,SQBG,Sequential
2405,SQLV,Legg
2406,SQQQ,ProShares
2407,SRAX,Social
2408,SRCL,Stericycle
2409,SRCLP,Stericycle
2410,SRDX,Surmodics
2411,SRET,Global
2412,SREV,ServiceSource
2413,SRNE,Sorrento
2414,SRPT,Sarepta
2415,SRRA,Sierra
2416,SRRK,Scholar
2417,SRTS,Sensus
2418,SRTSW,Sensus
2419,SSB,South
2420,SSBI,Summit
2421,SSC,Seven
2422,SSFN,Stewardship
2423,SSKN,Strata
2424,SSLJ,SSLJ.com
2425,SSNC,SS&C
2426,SSNT,SilverSun
2427,SSP,E.W.
2428,SSTI,ShotSpotter
2429,SSYS,Stratasys
2430,STAA,STAAR
2431,STAF,Staffing
2432,STAY,Extended
2433,STBZ,State
2434,STCN,Steel
2435,STDY,SteadyMed
2436,STFC,State
2437,STIM,Neuronetics
2438,STKL,SunOpta
2439,STLD,Steel
2440,STLR,Stellar
2441,STLRU,Stellar
2442,STLRW,Stellar
2443,STML,Stemline
2444,STMP,Stamps.com
2445,STND,Standard
2446,STNL,Sentinel
2447,STNLU,Sentinel
2448,STNLW,Sentinel
2449,STPP,Barclays
2450,STRA,Strategic
2451,STRL,Sterling
2452,STRM,Streamline
2453,STRS,Stratus
2454,STRT,STRATTEC
2455,STX,Seagate
2456,STXB,Spirit
2457,SUMR,Summer
2458,SUNS,Solar
2459,SUNW,Sunworks
2460,SUPN,Supernus
2461,SURF,Surface
2462,SUSB,iShares
2463,SUSC,iShares
2464,SVA,Sinovac
2465,SVBI,Severn
2466,SVRA,Savara
2467,SVVC,Firsthand
2468,SWIN,ALPS/Dorsey
2469,SWIR,Sierra
2470,SWKS,Skyworks
2471,SYBT,Stock
2472,SYBX,Synlogic
2473,SYKE,Sykes
2474,SYMC,Symantec
2475,SYNA,Synaptics
2476,SYNC,Synacor
2477,SYNH,Syneos
2478,SYNL,Synalloy
2479,SYNT,Syntel
2480,SYPR,Sypris
2481,SYRS,Syros
2482,TA,TravelCenters
2483,TACT,TransAct
2484,TAIT,Taitron
2485,TANH,Tantech
2486,TANNI,TravelCenters
2487,TANNL,TravelCenters
2488,TANNZ,TravelCenters
2489,TAOP,Taoping
2490,TAPR,Barclays
2491,TAST,Carrols
2492,TAYD,Taylor
2493,TBIO,Translate
2494,TBK,Triumph
2495,TBNK,Territorial
2496,TBPH,Theravance
2497,TBRG,Thunder
2498,TBRGU,Thunder
2499,TBRGW,Thunder
2500,TCBI,Texas
2501,TCBIL,Texas
2502,TCBIP,Texas
2503,TCBIW,Texas
2504,TCBK,TriCo
2505,TCCO,Technical
2506,TCDA,Tricida
2507,TCMD,Tactile
2508,TCON,TRACON
2509,TCPC,BlackRock
2510,TCX,Tucows
2511,TDAC,Trident
2512,TDACU,Trident
2513,TDACW,Trident
2514,TEAM,Atlassian
2515,TECD,Tech
2516,TEDU,Tarena
2517,TELL,Tellurian
2518,TENB,Tenable
2519,TENX,Tenax
2520,TERP,TerraForm
2521,TESS,TESSCO
2522,TGA,TransGlobe
2523,TGEN,Tecogen
2524,TGLS,Tecnoglass
2525,THRM,Gentherm
2526,THST,Truett
2527,TIBR,Tiberius
2528,TIBRU,Tiberius
2529,TIBRW,Tiberius
2530,TILE,Interface
2531,TIPT,Tiptree
2532,TITN,Titan
2533,TIVO,TiVo
2534,TLF,Tandy
2535,TLGT,Teligent
2536,TLND,Talend
2537,TLRY,Tilray
2538,TLT,iShares
2539,TMCX,Trinity
2540,TMCXU,Trinity
2541,TMCXW,Trinity
2542,TMDI,Titan
2543,TMSR,TMSR
2544,TNAV,Telenav
2545,TNDM,Tandem
2546,TNXP,Tonix
2547,TOCA,Tocagen
2548,TORC,resTORbio
2549,TOTAU,Tottenham
2550,TOUR,Tuniu
2551,TOWN,Towne
2552,TPIV,TapImmune
2553,TPNL,3PEA
2554,TQQQ,ProShares
2555,TRCH,Torchlight
2556,TREE,LendingTree
2557,TRHC,Tabula
2558,TRIB,Trinity
2559,TRIL,Trillium
2560,TRIP,TripAdvisor
2561,TRMB,Trimble
2562,TRMD,TORM
2563,TRMK,Trustmark
2564,TRMT,Tremont
2565,TRNC,tronc
2566,TRNS,Transcat
2567,TROV,TrovaGene
2568,TRPX,Therapix
2569,TRS,TriMas
2570,TRST,TrustCo
2571,TRUE,TrueCar
2572,TRUP,Trupanion
2573,TRVG,trivago
2574,TRVN,Trevena
2575,TSBK,Timberland
2576,TSC,TriState
2577,TSCAP,TriState
2578,TSCO,Tractor
2579,TSEM,Tower
2580,TSLA,Tesla
2581,TSRO,TESARO
2582,TST,TheStreet
2583,TTEC,TTEC
2584,TTEK,Tetra
2585,TTGT,TechTarget
2586,TTNP,Titan
2587,TTPH,Tetraphase
2588,TTS,Tile
2589,TTWO,Take
2590,TUES,Tuesday
2591,TUR,iShares
2592,TUSK,Mammoth
2593,TVIX,Credit
2594,TVTY,Tivity
2595,TWIN,Twin
2596,TWLV,Twelve
2597,TWLVR,Twelve
2598,TWLVU,Twelve
2599,TWLVW,Twelve
2600,TWMC,Trans
2601,TWNK,Hostess
2602,TWNKW,Hostess
2603,TXMD,TherapeuticsMD
2604,TXN,Texas
2605,TXRH,Texas
2606,TYHT,Shineco
2607,TYME,Tyme
2608,TYPE,Monotype
2609,TZACU,Tenzing
2610,TZOO,Travelzoo
2611,UAE,iShares
2612,UBCP,United
2613,UBFO,United
2614,UBIO,Proshares
2615,UBNK,United
2616,UBNT,Ubiquiti
2617,UBOH,United
2618,UBSH,Union
2619,UBSI,United
2620,UBX,Unity
2621,UCBA,United
2622,UCBI,United
2623,UCFC,United
2624,UCTT,Ultra
2625,UDBI,Legg
2626,UEIC,Universal
2627,UFCS,United
2628,UFPI,Universal
2629,UG,United
2630,UGLD,Credit
2631,UHAL,Amerco
2632,UIHC,United
2633,ULBI,Ultralife
2634,ULH,Universal
2635,ULTA,Ulta
2636,UMPQ,Umpqua
2637,UMRX,Unum
2638,UNAM,Unico
2639,UNB,Union
2640,UNFI,United
2641,UNIT,Uniti
2642,UNTY,Unity
2643,UONE,Urban
2644,UONEK,Urban
2645,UPL,Ultra
2646,UPLD,Upland
2647,URBN,Urban
2648,URGN,UroGen
2649,USAP,Universal
2650,USAU,U.S.
2651,USEG,U.S.
2652,USIG,iShares
2653,USLB,Invesco
2654,USLM,United
2655,USLV,Credit
2656,USMC,Principal
2657,USOI,Credit
2658,UTHR,United
2659,UTMD,Utah
2660,UTSI,UTStarcom
2661,UVSP,Univest
2662,UXIN,Uxin
2663,VALU,Value
2664,VALX,Validea
2665,VBFC,Village
2666,VBLT,Vascular
2667,VBTX,Veritex
2668,VC,Visteon
2669,VCEL,Vericel
2670,VCIT,Vanguard
2671,VCLT,Vanguard
2672,VCNX,Vaccinex
2673,VCSH,Vanguard
2674,VCTR,Victory
2675,VCYT,Veracyte
2676,VEAC,Vantage
2677,VEACU,Vantage
2678,VEACW,Vantage
2679,VECO,Veeco
2680,VEON,VEON
2681,VERI,Veritone
2682,VERU,Veru
2683,VETS,Pacer
2684,VGIT,Vanguard
2685,VGLT,Vanguard
2686,VGSH,Vanguard
2687,VIA,Viacom
2688,VIAB,Viacom
2689,VIAV,Viavi
2690,VICL,Vical
2691,VICR,Vicor
2692,VIGI,Vanguard
2693,VIIX,Credit
2694,VIRC,Virco
2695,VIRT,Virtu
2696,VIVE,Viveve
2697,VIVO,Meridian
2698,VKTX,Viking
2699,VKTXW,Viking
2700,VLGEA,Village
2701,VLRX,Valeritas
2702,VMBS,Vanguard
2703,VNDA,Vanda
2704,VNET,21Vianet
2705,VNOM,Viper
2706,VNQI,Vanguard
2707,VOD,Vodafone
2708,VONE,Vanguard
2709,VONG,Vanguard
2710,VONV,Vanguard
2711,VOXX,VOXX
2712,VRA,Vera
2713,VRAY,ViewRay
2714,VRCA,Verrica
2715,VREX,Varex
2716,VRIG,Invesco
2717,VRML,Vermillion
2718,VRNA,Verona
2719,VRNS,Varonis
2720,VRNT,Verint
2721,VRSK,Verisk
2722,VRSN,VeriSign
2723,VRTS,Virtus
2724,VRTSP,Virtus
2725,VRTU,Virtusa
2726,VRTX,Vertex
2727,VSAR,Versartis
2728,VSAT,ViaSat
2729,VSDA,VictoryShares
2730,VSMV,VictoryShares
2731,VSTM,Verastem
2732,VTC,Vanguard
2733,VTGN,VistaGen
2734,VTHR,Vanguard
2735,VTIP,Vanguard
2736,VTIQ,VectoIQ
2737,VTIQU,VectoIQ
2738,VTIQW,VectoIQ
2739,VTL,Vital
2740,VTNR,Vertex
2741,VTSI,VirTra
2742,VTWG,Vanguard
2743,VTWO,Vanguard
2744,VTWV,Vanguard
2745,VUZI,Vuzix
2746,VVPR,VivoPower
2747,VVUS,VIVUS
2748,VWOB,Vanguard
2749,VXRT,Vaxart
2750,VXUS,Vanguard
2751,VYGR,Voyager
2752,VYMI,Vanguard
2753,WABC,Westamerica
2754,WAFD,Washington
2755,WAFDW,Washington
2756,WASH,Washington
2757,WATT,Energous
2758,WB,Weibo
2759,WBA,Walgreens
2760,WDAY,Workday
2761,WDC,Western
2762,WEB,Web.com
2763,WEBK,Wellesley
2764,WEN,Wendy's
2765,WERN,Werner
2766,WETF,WisdomTree
2767,WEYS,Weyco
2768,WHF,WhiteHorse
2769,WHLM,Wilhelmina
2770,WHLR,Wheeler
2771,WHLRD,Wheeler
2772,WHLRP,Wheeler
2773,WHLRW,Wheeler
2774,WIFI,Boingo
2775,WIN,Windstream
2776,WINA,Winmark
2777,WING,Wingstop
2778,WINS,Wins
2779,WIRE,Encore
2780,WISA,Summit
2781,WIX,Wix.com
2782,WKHS,Workhorse
2783,WLDN,Willdan
2784,WLFC,Willis
2785,WLTW,Willis
2786,WMGI,Wright
2787,WMGIZ,Wright
2788,WMIH,WMIH
2789,WNEB,Western
2790,WOOD,iShares
2791,WPRT,Westport
2792,WRLD,World
2793,WRLS,Pensare
2794,WRLSR,Pensare
2795,WRLSU,Pensare
2796,WRLSW,Pensare
2797,WSBC,WesBanco
2798,WSBF,Waterstone
2799,WSC,WillScot
2800,WSFS,WSFS
2801,WSTG,Wayside
2802,WSTL,Westell
2803,WTBA,West
2804,WTFC,Wintrust
2805,WTFCM,Wintrust
2806,WTFCW,Wintrust
2807,WVE,Wave
2808,WVVI,Willamette
2809,WVVIP,Willamette
2810,WWD,Woodward
2811,WWR,Westwater
2812,WYNN,Wynn
2813,XBIO,Xenetic
2814,XBIT,XBiotech
2815,XCRA,Xcerra
2816,XEL,Xcel
2817,XELA,Exela
2818,XELB,Xcel
2819,XENE,Xenon
2820,XENT,Intersect
2821,XERS,Xeris
2822,XLNX,Xilinx
2823,XLRN,Acceleron
2824,XNCR,Xencor
2825,XNET,Xunlei
2826,XOG,Extraction
2827,XOMA,XOMA
2828,XPER,Xperi
2829,XRAY,DENTSPLY
2830,XSPA,XpresSpa
2831,XSPL,Xspand
2832,XT,iShares
2833,YECO,Yulong
2834,YGYI,Youngevity
2835,YIN,Yintech
2836,YLCO,Global
2837,YLDE,ClearBridge
2838,YNDX,Yandex
2839,YOGA,YogaWorks
2840,YRIV,Yangtze
2841,YTEN,Yield10
2842,YTRA,Yatra
2843,YVR,Liquid
2844,Z,Zillow
2845,ZAGG,ZAGG
2846,ZBIO,ProShares
2847,ZBRA,Zebra
2848,ZEAL,Zealand
2849,ZEUS,Olympic
2850,ZFGN,Zafgen
2851,ZG,Zillow
2852,ZGNX,Zogenix
2853,ZION,Zions
2854,ZIONW,Zions
2855,ZIONZ,Zions
2856,ZIOP,ZIOPHARM
2857,ZIV,Credit
2858,ZN,Zion
2859,ZNGA,Zynga
2860,ZNWAA,Zion
2861,ZS,Zscaler
2862,ZSAN,Zosano
2863,ZUMZ,Zumiez
2864,ZYNE,Zynerba
